研究生层次,,,本科层次,,
学科门类,学科名称,专业名称,学科门类,学科名称,专业名称
学科门类,专业,学科门类,B01哲学,哲学类,哲学
A01哲学,哲学,马克思主义哲学,B01哲学,哲学类,逻辑学
A01哲学,哲学,中国哲学,B01哲学,哲学类,宗教学
A01哲学,哲学,外国哲学,B01哲学,哲学类,伦理学
A01哲学,哲学,逻辑学,B02经济学,经济学类,经济学
A01哲学,哲学,伦理学,B02经济学,经济学类,经济统计学
A01哲学,哲学,美学,B02经济学,经济学类,国民经济管理
A01哲学,哲学,宗教学,B02经济学,经济学类,资源与环境经济学
A01哲学,哲学,科学技术哲学,B02经济学,经济学类,商务经济学
A02经济学,理论经济学,政治经济学,B02经济学,经济学类,能源经济
A02经济学,理论经济学,经济思想史,B02经济学,经济学类,数字经济
A02经济学,理论经济学,经济史,B02经济学,经济学类,劳动经济学
A02经济学,理论经济学,西方经济学,B02经济学,经济学类,经济工程
A02经济学,理论经济学,世界经济,B02经济学,财政学类,财政学
A02经济学,理论经济学,人口、资源与环境经济学,B02经济学,财政学类,税收学
A02经济学,应用经济学,国民经济学,B02经济学,财政学类,国际税收
A02经济学,应用经济学,区域经济学,B02经济学,金融学类,金融学
A02经济学,应用经济学,财政学（含∶税收学）,B02经济学,金融学类,金融工程
A02经济学,应用经济学,金融学（含∶保险学）,B02经济学,金融学类,保险学
A02经济学,应用经济学,产业经济学,B02经济学,金融学类,投资学
A02经济学,应用经济学,国际贸易学,B02经济学,金融学类,金融数学
A02经济学,应用经济学,劳动经济学,B02经济学,金融学类,信用管理
A02经济学,应用经济学,统计学（部分）,B02经济学,金融学类,经济与金融
A02经济学,应用经济学,数量经济学,B02经济学,金融学类,精算学
A02经济学,应用经济学,国防经济,B02经济学,金融学类,互联网金融
A02经济学,应用经济学,精算学,B02经济学,金融学类,金融科技
A02经济学,应用经济学,"金融硕士
（专业硕士）",B02经济学,经济与贸易类,国际经济与贸易
A02经济学,应用经济学,"应用统计硕士
（专业硕士）",B02经济学,经济与贸易类,贸易经济
A02经济学,应用经济学,"税务硕士
（专业硕士）",B02经济学,经济与贸易类,国际经济发展合作
A02经济学,应用经济学,"国际商务硕士
（专业硕士）",B03法学,法学类,法学
A02经济学,应用经济学,"保险硕士
（专业硕士）",B03法学,法学类,知识产权
A02经济学,应用经济学,"资产评估硕士
（专业硕士）",B03法学,法学类,监狱学
A02经济学,应用经济学,"审计硕士
（专业硕士）",B03法学,法学类,信用风险管理与法律防控
A03法学,法学,法学理论,B03法学,法学类,国际经贸规则
A03法学,法学,法律史,B03法学,法学类,司法警察学
A03法学,法学,宪法学与行政法学,B03法学,法学类,社区矫正
A03法学,法学,刑法学,B03法学,法学类,纪检监察
A03法学,法学,民商法学（含：劳动法学、社会保障法学）,B03法学,政治学类,政治学与行政学
A03法学,法学,诉讼法学,B03法学,政治学类,国际政治
A03法学,法学,经济法学,B03法学,政治学类,外交学
A03法学,法学,环境与资源保护法学,B03法学,政治学类,"国际事务与
国际关系"
A03法学,法学,国际法学（含：国际公法、国际私法、国际经济法）,B03法学,政治学类,政治学、经济学与哲学
A03法学,法学,军事法学,B03法学,政治学类,国际组织与全球治理
A03法学,法学,法律（非法学）,B03法学,社会学类,社会学
A03法学,法学,法律（法学）,B03法学,社会学类,社会工作
A03法学,政治学,政治学理论,B03法学,社会学类,人类学
A03法学,政治学,中外政治制度,B03法学,社会学类,女性学
A03法学,政治学,"科学社会主义与
国际共产主义运动",B03法学,社会学类,家政学
A03法学,政治学,"中共党史（含：
党的学说与党的建设）",B03法学,社会学类,老年学
A03法学,政治学,国际政治,B03法学,社会学类,社会政策
A03法学,政治学,国际关系,B03法学,民族学类,民族学
A03法学,政治学,外交学,B03法学,马克思主义理论类,科学社会主义
A03法学,社会学,社会学,B03法学,马克思主义理论类,中国共产党历史
A03法学,社会学,人口学,B03法学,马克思主义理论类,思想政治教育
A03法学,社会学,人类学,B03法学,马克思主义理论类,马克思主义理论
A03法学,社会学,"民俗学
（含：中国民间文学）",B03法学,公安学类,治安学
A03法学,社会学,"社会工作硕士
（专业硕士）",B03法学,公安学类,侦查学
A03法学,民族学,民族学,B03法学,公安学类,边防管理
A03法学,民族学,"马克思主义
民族理论与政策",B03法学,公安学类,禁毒学
A03法学,民族学,中国少数民族经济,B03法学,公安学类,警犬技术
A03法学,民族学,中国少数民族史,B03法学,公安学类,经济犯罪侦查
A03法学,民族学,中国少数民族艺术,B03法学,公安学类,边防指挥
A03法学,马克思主义理论,马克思主义基本原理,B03法学,公安学类,消防指挥
A03法学,马克思主义理论,马克思主义发展史,B03法学,公安学类,警卫学
A03法学,马克思主义理论,马克思主义中国化研究,B03法学,公安学类,公安情报学
A03法学,马克思主义理论,国外马克思主义研究,B03法学,公安学类,犯罪学
A03法学,马克思主义理论,思想政治教育,B03法学,公安学类,公安管理学
A03法学,马克思主义理论,"中国近现代史
基本问题研究",B03法学,公安学类,涉外警务
A03法学,公安学,公安学,B03法学,公安学类,国内安全保卫
A03法学,公安学,"警务硕士
（专业硕士）",B03法学,公安学类,警务指挥与战术
A04教育学,教育学,教育学原理,B03法学,公安学类,出入境管理
A04教育学,教育学,课程与教学论,B03法学,公安学类,技术侦查学
A04教育学,教育学,教育史,B03法学,公安学类,海警执法
A04教育学,教育学,比较教育学,B03法学,公安学类,公安政治工作
A04教育学,教育学,学前教育学,B03法学,公安学类,移民管理
A04教育学,教育学,高等教育学,B03法学,公安学类,反恐警务
A04教育学,教育学,成人教育学,B03法学,公安学类,消防政治工作
A04教育学,教育学,职业技术教育学,B03法学,公安学类,铁路警务
A04教育学,教育学,特殊教育学,B04教育学,教育学类,教育学
A04教育学,教育学,教育技术学,B04教育学,教育学类,科学教育
A04教育学,教育学,教育法学,B04教育学,教育学类,人文教育
A04教育学,教育学,"教育管理硕士
（专业硕士）",B04教育学,教育学类,教育技术学
A04教育学,教育学,"学科教学硕士
（专业硕士）",B04教育学,教育学类,艺术教育
A04教育学,教育学,"现代教育技术硕士
（专业硕士）",B04教育学,教育学类,学前教育
A04教育学,教育学,"小学教育硕士
（专业硕士）",B04教育学,教育学类,小学教育
A04教育学,教育学,"科学与技术教育硕士
（专业硕士）",B04教育学,教育学类,特殊教育
A04教育学,教育学,"学前教育硕士
（专业硕士）",B04教育学,教育学类,华文教育
A04教育学,教育学,"特殊教育硕士
（专业硕士）",B04教育学,教育学类,教育康复学
A04教育学,教育学,"职业技术教育硕士
（专业硕士）",B04教育学,教育学类,卫生教育
A04教育学,教育学,学校课程与教学,B04教育学,教育学类,认知科学与技术
A04教育学,教育学,学生发展与教育,B04教育学,教育学类,融合教育
A04教育学,教育学,教育领导与管理,B04教育学,教育学类,劳动教育
A04教育学,心理学,基础心理学,B04教育学,体育学类,体育教育
A04教育学,心理学,发展与教育心理学,B04教育学,体育学类,运动训练
A04教育学,心理学,应用心理学,B04教育学,体育学类,社会体育指导与管理
A04教育学,心理学,"应用心理硕士
（专业硕士）",B04教育学,体育学类,武术与民族传统体育
A04教育学,心理学,"心理健康教育硕士
（专业硕士）",B04教育学,体育学类,运动人体科学
A04教育学,体育学,体育人文社会学,B04教育学,体育学类,运动康复
A04教育学,体育学,运动人体科学,B04教育学,体育学类,休闲体育
A04教育学,体育学,体育教育训练学,B04教育学,体育学类,体能训练
A04教育学,体育学,民族传统体育学,B04教育学,体育学类,冰雪运动
A04教育学,体育学,"体育教学硕士
（专业硕士）",B04教育学,体育学类,电子竞技运动与管理
A04教育学,体育学,"运动训练硕士
（专业硕士）",B04教育学,体育学类,智能体育工程
A04教育学,体育学,"竞赛组织硕士
（专业硕士）",B04教育学,体育学类,体育旅游
A04教育学,体育学,"社会体育指导硕士
（专业硕士）",B04教育学,体育学类,运动能力开发
A05文学,中国语言文学,文艺学,B05文学,中国语言文学类,汉语言文学
A05文学,中国语言文学,语言学及应用语言学,B05文学,中国语言文学类,汉语言
A05文学,中国语言文学,汉语言文字学,B05文学,中国语言文学类,汉语国际教育
A05文学,中国语言文学,中国古典文献学,B05文学,中国语言文学类,中国少数民族语言文学
A05文学,中国语言文学,中国古代文学,B05文学,中国语言文学类,中国少数民族语言文学
A05文学,中国语言文学,中国现当代文学,B05文学,中国语言文学类,古典文献学
A05文学,中国语言文学,中国少数民族语言文学（分语族）,B05文学,中国语言文学类,应用语言学
A05文学,中国语言文学,比较文学与世界文学,B05文学,中国语言文学类,秘书学
A05文学,中国语言文学,"汉语国际教育硕士
（专业硕士）",B05文学,中国语言文学类,中国语言与文化
A05文学,外国语言文学,英语语言文学,B05文学,中国语言文学类,手语翻译
A05文学,外国语言文学,俄语语言文学,B05文学,外国语言文学类,英语
A05文学,外国语言文学,法语语言文学,B05文学,外国语言文学类,俄语
A05文学,外国语言文学,德语语言文学,B05文学,外国语言文学类,德语
A05文学,外国语言文学,日语语言文学,B05文学,外国语言文学类,法语
A05文学,外国语言文学,印度语言文学,B05文学,外国语言文学类,西班牙语
A05文学,外国语言文学,西班牙语语言文学,B05文学,外国语言文学类,阿拉伯语
A05文学,外国语言文学,阿拉伯语语言文学,B05文学,外国语言文学类,日语
A05文学,外国语言文学,欧洲语言文学,B05文学,外国语言文学类,波斯语
A05文学,外国语言文学,亚非语言文学,B05文学,外国语言文学类,朝鲜语
A05文学,外国语言文学,"外国语言学及
应用语言学",B05文学,外国语言文学类,菲律宾语
A05文学,外国语言文学,"英语笔译硕士
（专业硕士）",B05文学,外国语言文学类,梵语巴利语
A05文学,外国语言文学,"英语口译硕士
（专业硕士）",B05文学,外国语言文学类,印度尼西亚语
A05文学,外国语言文学,"俄语笔译硕士
（专业硕士）",B05文学,外国语言文学类,印地语
A05文学,外国语言文学,"俄语口译硕士
（专业硕士）",B05文学,外国语言文学类,柬埔寨语
A05文学,外国语言文学,"日语笔译硕士
（专业硕士）",B05文学,外国语言文学类,老挝语
A05文学,外国语言文学,"日语口译硕士
（专业硕士）",B05文学,外国语言文学类,缅甸语
A05文学,外国语言文学,"法语笔译硕士
（专业硕士）",B05文学,外国语言文学类,马来语
A05文学,外国语言文学,"法语口译硕士
（专业硕士）",B05文学,外国语言文学类,蒙古语
A05文学,外国语言文学,"德语笔译硕士
（专业硕士）",B05文学,外国语言文学类,僧伽罗语
A05文学,外国语言文学,"德语口译硕士
（专业硕士）",B05文学,外国语言文学类,泰语
A05文学,外国语言文学,"朝鲜语笔译硕士
（专业硕士）",B05文学,外国语言文学类,乌尔都语
A05文学,外国语言文学,"朝鲜语口译硕士
（专业硕士）",B05文学,外国语言文学类,希伯来语
A05文学,外国语言文学,"西班牙语笔译硕士
（专业硕士）",B05文学,外国语言文学类,越南语
A05文学,外国语言文学,"西班牙语口译硕士
（专业硕士）",B05文学,外国语言文学类,豪萨语
A05文学,外国语言文学,"阿拉伯语笔译硕士
（专业硕士）",B05文学,外国语言文学类,斯瓦希里语
A05文学,外国语言文学,"阿拉伯语口译硕士
（专业硕士）",B05文学,外国语言文学类,阿尔巴尼亚语
A05文学,外国语言文学,"泰语笔译硕士
（专业硕士）",B05文学,外国语言文学类,保加利亚语
A05文学,外国语言文学,"泰语口译硕士
（专业硕士）",B05文学,外国语言文学类,波兰语
A05文学,外国语言文学,"意大利语笔译硕士
（专业硕士）",B05文学,外国语言文学类,捷克语
A05文学,外国语言文学,"意大利语口译硕士
（专业硕士）",B05文学,外国语言文学类,斯洛伐克语
A05文学,外国语言文学,"越南语笔译硕士
（专业硕士）",B05文学,外国语言文学类,罗马尼亚语
A05文学,外国语言文学,"越南语口译硕士
（专业硕士）",B05文学,外国语言文学类,葡萄牙语
A05文学,新闻传播学,新闻学,B05文学,外国语言文学类,瑞典语
A05文学,新闻传播学,传播学,B05文学,外国语言文学类,塞尔维亚语
A05文学,新闻传播学,"新闻与传播硕士
（专业硕士）",B05文学,外国语言文学类,土耳其语
A05文学,新闻传播学,出版硕士（专业硕士）,B05文学,外国语言文学类,希腊语
A06历史学,历史学,史学理论及史学史,B05文学,外国语言文学类,匈牙利语
A06历史学,历史学,考古学,B05文学,外国语言文学类,意大利语
A06历史学,历史学,历史地理学,B05文学,外国语言文学类,泰米尔语
A06历史学,历史学,历史文献学（含∶敦煌学、古文字学）,B05文学,外国语言文学类,普什图语
A06历史学,历史学,专门史,B05文学,外国语言文学类,世界语
A06历史学,历史学,中国史,B05文学,外国语言文学类,孟加拉语
A06历史学,历史学,世界史,B05文学,外国语言文学类,尼泊尔语
A06历史学,历史学,文物与博物馆硕士（专业硕士）,B05文学,外国语言文学类,克罗地亚语
A07理学,数学,基础数学,B05文学,外国语言文学类,荷兰语
A07理学,数学,计算数学,B05文学,外国语言文学类,芬兰语
A07理学,数学,概率论与数理统计,B05文学,外国语言文学类,乌克兰语
A07理学,数学,应用数学,B05文学,外国语言文学类,挪威语
A07理学,数学,运筹学与控制论,B05文学,外国语言文学类,丹麦语
A07理学,物理学,理论物理,B05文学,外国语言文学类,冰岛语
A07理学,物理学,"粒子物理与
原子核物理",B05文学,外国语言文学类,爱尔兰语
A07理学,物理学,原子与分子物理,B05文学,外国语言文学类,拉脱维亚语
A07理学,物理学,等离子体物理,B05文学,外国语言文学类,立陶宛语
A07理学,物理学,凝聚态物理,B05文学,外国语言文学类,斯洛文尼亚语
A07理学,物理学,声学,B05文学,外国语言文学类,爱沙尼亚语
A07理学,物理学,光学,B05文学,外国语言文学类,马耳他语
A07理学,物理学,无线电物理,B05文学,外国语言文学类,哈萨克语
A07理学,化学,无机化学,B05文学,外国语言文学类,乌兹别克语
A07理学,化学,分析化学,B05文学,外国语言文学类,祖鲁语
A07理学,化学,有机化学,B05文学,外国语言文学类,拉丁语
A07理学,化学,"物理化学
（含：化学物理）",B05文学,外国语言文学类,翻译
A07理学,化学,高分子化学与物理,B05文学,外国语言文学类,商务英语
A07理学,天文学,天体物理,B05文学,外国语言文学类,索马里语
A07理学,天文学,天体测量与天体力学,B05文学,外国语言文学类,阿姆哈拉语
A07理学,地理学,自然地理学,B05文学,外国语言文学类,吉尔吉斯语
A07理学,地理学,人文地理学,B05文学,外国语言文学类,语言学
A07理学,地理学,"地图学与地理
信息系统",B05文学,新闻传播学类,新闻学
A07理学,大气科学,气象学,B05文学,新闻传播学类,广播电视学
A07理学,大气科学,"大气物理学
与大气环境",B05文学,新闻传播学类,广告学
A07理学,海洋科学,物理海洋学,B05文学,新闻传播学类,传播学
A07理学,海洋科学,海洋化学,B05文学,新闻传播学类,编辑出版学
A07理学,海洋科学,海洋生物学,B05文学,新闻传播学类,网络与新媒体
A07理学,海洋科学,海洋地质,B05文学,新闻传播学类,数字出版
A07理学,地球物理学,固体地球物理学,B05文学,新闻传播学类,时尚传播
A07理学,地球物理学,空间物理学,B05文学,新闻传播学类,国际新闻与传播
A07理学,地质学,"矿物学、岩石学
、矿床学",B05文学,新闻传播学类,会展
A07理学,地质学,地球化学,B06历史学,历史学类,历史学
A07理学,地质学,古生物学与地层学（含：古人类学）,B06历史学,历史学类,世界史
A07理学,地质学,构造地质学,B06历史学,历史学类,考古学
A07理学,地质学,第四纪地质学,B06历史学,历史学类,文物与博物馆学
A07理学,生物学,植物学,B06历史学,历史学类,文物保护技术
A07理学,生物学,动物学,B06历史学,历史学类,外国语言与外国历史
A07理学,生物学,生理学,B06历史学,历史学类,文化遗产
A07理学,生物学,水生生物学,B06历史学,历史学类,古文字学
A07理学,生物学,微生物学,B06历史学,历史学类,科学史
A07理学,生物学,神经生物学,B07理学,数学类,数学与应用数学
A07理学,生物学,遗传学,B07理学,数学类,信息与计算科学
A07理学,生物学,发育生物学,B07理学,数学类,信息与计算科学
A07理学,生物学,细胞生物学,B07理学,数学类,数理基础科学
A07理学,生物学,"生物化学与
分子生物学",B07理学,数学类,数据计算及应用
A07理学,生物学,生物物理学,B07理学,物理学类,物理学
A07理学,系统科学,系统理论,B07理学,物理学类,应用物理学
A07理学,系统科学,系统分析与集成,B07理学,物理学类,核物理
A07理学,科学技术史,科学技术史,B07理学,物理学类,声学
A07理学,生态学,生态学,B07理学,物理学类,系统科学与工程
A07理学,统计学,统计学（部分）,B07理学,物理学类,量子信息科学
A08工学,力学,一般力学与力学基础,B07理学,化学类,化学
A08工学,力学,固体力学,B07理学,化学类,应用化学
A08工学,力学,流体力学,B07理学,化学类,化学生物学
A08工学,力学,工程力学,B07理学,化学类,分子科学与工程
A08工学,机械工程,机械制造及其自动化,B07理学,化学类,能源化学
A08工学,机械工程,机械电子工程,B07理学,化学类,化学测量学与技术
A08工学,机械工程,机械设计及理论,B07理学,天文学类,天文学
A08工学,机械工程,车辆工程,B07理学,地理科学类,地理科学
A08工学,光学工程,光学工程,B07理学,地理科学类,自然地理与资源环境
A08工学,光学工程,"光学工程硕士
（专业硕士）",B07理学,地理科学类,自然地理与资源环境
A08工学,仪器科学与技术,精密仪器及机械,B07理学,地理科学类,人文地理与城乡规划
A08工学,仪器科学与技术,测试计量技术及仪器,B07理学,地理科学类,地理信息科学
A08工学,材料科学与工程,材料物理与化学,B07理学,大气科学类,大气科学
A08工学,材料科学与工程,材料学,B07理学,大气科学类,应用气象学
A08工学,材料科学与工程,材料加工工程,B07理学,大气科学类,气象技术与工程
A08工学,冶金工程,冶金物理化学,B07理学,海洋科学类,海洋科学
A08工学,冶金工程,钢铁冶金,B07理学,海洋科学类,海洋技术
A08工学,冶金工程,有色金属冶金,B07理学,海洋科学类,海洋资源与环境
A08工学,动力工程及工程热物理,工程热物理,B07理学,海洋科学类,军事海洋学
A08工学,动力工程及工程热物理,热能工程,B07理学,地球物理学类,地球物理学
A08工学,动力工程及工程热物理,动力机械及工程,B07理学,地球物理学类,空间科学与技术
A08工学,动力工程及工程热物理,流体机械及工程,B07理学,地球物理学类,"防灾减灾
科学与工程"
A08工学,动力工程及工程热物理,制冷及低温工程,B07理学,地球物理学类,行星科学
A08工学,动力工程及工程热物理,化工过程机械,B07理学,地质学类,地质学
A08工学,电气工程,电机与电器,B07理学,地质学类,地球化学
A08工学,电气工程,电力系统及其自动化,B07理学,地质学类,地球信息科学与技术
A08工学,电气工程,高电压与绝缘技术,B07理学,地质学类,古生物学
A08工学,电气工程,电力电子与电力传动,B07理学,生物科学类,生物科学
A08工学,电气工程,电工理论与新技术,B07理学,生物科学类,生物技术
A08工学,电子科学与技术,物理电子学,B07理学,生物科学类,生物信息学
A08工学,电子科学与技术,电路与系统,B07理学,生物科学类,生态学
A08工学,电子科学与技术,微电子学与固体电子学,B07理学,生物科学类,整合科学
A08工学,电子科学与技术,电磁场与微波技术,B07理学,生物科学类,神经科学
A08工学,信息与通信工程,通信与信息系统,B07理学,统计学类,统计学
A08工学,信息与通信工程,信号与信息处理,B07理学,统计学类,应用统计学
A08工学,控制科学与工程,控制理论与控制工程,B07理学,心理学类,心理学
A08工学,控制科学与工程,检测技术与自动化装置,B07理学,心理学类,应用心理学
A08工学,控制科学与工程,系统工程,B08工学,力学类,理论与应用力学
A08工学,控制科学与工程,模式识别与智能系统,B08工学,力学类,工程力学
A08工学,控制科学与工程,导航、制导与控制,B08工学,机械类,机械工程
A08工学,计算机科学与技术,计算机系统结构,B08工学,机械类,机械设计制造及其自动化
A08工学,计算机科学与技术,计算机软件与理论,B08工学,机械类,材料成型及控制工程
A08工学,计算机科学与技术,计算机应用技术,B08工学,机械类,材料成型及控制工程
A08工学,建筑学,建筑历史与理论,B08工学,机械类,机械电子工程
A08工学,建筑学,建筑设计及其理论,B08工学,机械类,工业设计
A08工学,建筑学,城市规划与设计(含∶风景园林规划与设计),B08工学,机械类,过程装备与控制工程
A08工学,建筑学,建筑技术科学,B08工学,机械类,车辆工程
A08工学,建筑学,建筑学硕士（专业硕士）,B08工学,机械类,汽车服务工程
A08工学,土木工程,岩土工程,B08工学,机械类,机械工艺技术
A08工学,土木工程,结构工程,B08工学,机械类,微机电系统工程
A08工学,土木工程,供热、供燃气、通风及空调工程,B08工学,机械类,机电技术教育
A08工学,土木工程,市政工程,B08工学,机械类,汽车维修工程教育
A08工学,土木工程,防灾减灾工程及防护工程,B08工学,机械类,智能制造工程
A08工学,土木工程,桥梁与隧道工程,B08工学,机械类,智能车辆工程
A08工学,水利工程,水文学及水资源,B08工学,机械类,仿生科学与工程
A08工学,水利工程,水力学及河流动力学,B08工学,机械类,新能源汽车工程
A08工学,水利工程,水工结构工程,B08工学,机械类,增材制造工程
A08工学,水利工程,水利水电工程,B08工学,机械类,智能交互设计
A08工学,水利工程,港口、海岸及近海工程,B08工学,机械类,应急装备技术与工程
A08工学,测绘科学与技术,大地测量学与测量工程,B08工学,仪器类,测控技术与仪器
A08工学,测绘科学与技术,摄影测量与遥感,B08工学,仪器类,精密仪器
A08工学,测绘科学与技术,地图制图学与地理信息工程,B08工学,仪器类,智能感知工程
A08工学,化学工程与技术,化学工程,B08工学,材料类,材料科学与工程
A08工学,化学工程与技术,化学工艺,B08工学,材料类,材料物理
A08工学,化学工程与技术,生物化工,B08工学,材料类,材料化学
A08工学,化学工程与技术,应用化学,B08工学,材料类,冶金工程
A08工学,化学工程与技术,工业催化,B08工学,材料类,金属材料工程
A08工学,地质资源与地质工程,矿产普查与勘探,B08工学,材料类,金属材料工程
A08工学,地质资源与地质工程,地球探测与信息技术,B08工学,材料类,无机非金属材料工程
A08工学,地质资源与地质工程,地质工程,B08工学,材料类,高分子材料与工程
A08工学,矿业工程,采矿工程,B08工学,材料类,复合材料与工程
A08工学,矿业工程,矿物加工工程,B08工学,材料类,粉体材料科学与工程
A08工学,矿业工程,安全技术及工程,B08工学,材料类,宝石及材料工艺学
A08工学,石油与天然气工程,油气井工程,B08工学,材料类,焊接技术与工程
A08工学,石油与天然气工程,油气田开发工程,B08工学,材料类,功能材料
A08工学,石油与天然气工程,油气储运工程,B08工学,材料类,纳米材料与技术
A08工学,纺织科学与工程,纺织工程,B08工学,材料类,新能源材料与器件
A08工学,纺织科学与工程,纺织材料与纺织品设计,B08工学,材料类,材料设计科学与工程
A08工学,纺织科学与工程,纺织化学与染整工程,B08工学,材料类,复合材料成型工程
A08工学,纺织科学与工程,服装设计与工程,B08工学,材料类,智能材料与结构
A08工学,轻工技术与工程,制浆造纸工程,B08工学,材料类,光电信息材料与器件
A08工学,轻工技术与工程,制糖工程,B08工学,能源动力类,能源与动力工程
A08工学,轻工技术与工程,皮革化学与工程,B08工学,能源动力类,能源与动力工程
A08工学,轻工技术与工程,发酵工程,B08工学,能源动力类,能源与环境系统工程
A08工学,交通运输工程,道路与铁道工程,B08工学,能源动力类,新能源科学与工程
A08工学,交通运输工程,交通信息工程及控制,B08工学,能源动力类,储能科学与工程
A08工学,交通运输工程,交通运输规划与管理,B08工学,能源动力类,能源服务工程
A08工学,交通运输工程,载运工具运用工程,B08工学,能源动力类,氢能科学与工程
A08工学,船舶与海洋工程,船舶与海洋结构物设计制造,B08工学,能源动力类,可持续能源
A08工学,船舶与海洋工程,轮机工程,B08工学,电气类,电气工程及其自动化
A08工学,船舶与海洋工程,水声工程,B08工学,电气类,智能电网信息工程
A08工学,航空宇航科学与技术,飞行器设计,B08工学,电气类,光源与照明
A08工学,航空宇航科学与技术,航空宇航推进理论与工程,B08工学,电气类,电气工程与智能控制
A08工学,航空宇航科学与技术,航空宇航制造工程,B08工学,电气类,电机电器智能化
A08工学,航空宇航科学与技术,人机与环境工程,B08工学,电气类,电缆工程
A08工学,兵器科学与技术,武器系统与运用工程,B08工学,电气类,能源互联网工程
A08工学,兵器科学与技术,兵器发射理论与技术,B08工学,电气类,智慧能源工程
A08工学,兵器科学与技术,火炮、自动武器与弹药工程,B08工学,电子信息类,电子信息工程
A08工学,兵器科学与技术,军事化学与烟火技术,B08工学,电子信息类,电子科学与技术
A08工学,核科学与技术,核能科学与工程,B08工学,电子信息类,通信工程
A08工学,核科学与技术,核燃料循环与材料,B08工学,电子信息类,微电子科学与工程
A08工学,核科学与技术,核技术及应用,B08工学,电子信息类,光电信息科学与工程
A08工学,核科学与技术,辐射防护及环境保护,B08工学,电子信息类,信息工程
A08工学,农业工程,农业机械化工程,B08工学,电子信息类,广播电视工程
A08工学,农业工程,农业水土工程,B08工学,电子信息类,水声工程
A08工学,农业工程,"农业生物环境
与能源工程",B08工学,电子信息类,电子封装技术
A08工学,农业工程,农业电气化与自动化,B08工学,电子信息类,集成电路设计与集成系统
A08工学,农业工程,"农业工程硕士
（专业硕士）",B08工学,电子信息类,医学信息工程
A08工学,林业工程,森林工程,B08工学,电子信息类,电磁场与无线技术
A08工学,林业工程,木材科学与技术,B08工学,电子信息类,电波传播与天线
A08工学,林业工程,林产化学加工工程,B08工学,电子信息类,"电子信息科学
与技术"
A08工学,环境科学与工程,环境科学,B08工学,电子信息类,电信工程及管理
A08工学,环境科学与工程,环境工程,B08工学,电子信息类,应用电子技术教育
A08工学,生物医学工程,生物医学工程,B08工学,电子信息类,人工智能
A08工学,食品科学与工程,食品科学,B08工学,电子信息类,海洋信息工程
A08工学,食品科学与工程,粮食、油脂及植物蛋白工程,B08工学,电子信息类,柔性电子学
A08工学,食品科学与工程,农产品加工及贮藏工程,B08工学,电子信息类,智能测控工程
A08工学,食品科学与工程,水产品加工及贮藏工程,B08工学,自动化类,自动化
A08工学,食品科学与工程,食品加工与安全硕士（专业硕士）,B08工学,自动化类,轨道交通信号与控制
A08工学,城乡规划学,城乡规划学,B08工学,自动化类,机器人工程
A08工学,城乡规划学,"城市规划硕士
（专业硕士）",B08工学,自动化类,邮政工程
A08工学,风景园林学,风景园林学,B08工学,自动化类,核电技术与控制工程
A08工学,风景园林学,"风景园林硕士
（专业硕士）",B08工学,自动化类,智能装备与系统
A08工学,软件工程,软件工程,B08工学,自动化类,工业智能
A08工学,生物工程,生物工程,B08工学,自动化类,智能工程与创意设计
A08工学,安全科学与工程,安全科学与工程,B08工学,计算机类,计算机科学与技术
A08工学,公安技术,公安技术,B08工学,计算机类,软件工程
A08工学,网络空间安全,网络空间安全,B08工学,计算机类,网络工程
A08工学,电子信息,新一代电子信息技术硕士（专业硕士）,B08工学,计算机类,信息安全
A08工学,电子信息,通信工程硕士（专业硕士）,B08工学,计算机类,物联网工程
A08工学,电子信息,集成电路工程硕士（专业硕士）,B08工学,计算机类,数字媒体技术
A08工学,电子信息,计算机技术硕士（专业硕士）,B08工学,计算机类,智能科学与技术
A08工学,电子信息,软件工程硕士（专业硕士）,B08工学,计算机类,空间信息与数字技术
A08工学,电子信息,控制工程硕士（专业硕士）,B08工学,计算机类,电子与计算机工程
A08工学,电子信息,仪器仪表工程硕士（专业硕士）,B08工学,计算机类,数据科学与大数据技术
A08工学,电子信息,光电信息工程硕士（专业硕士）,B08工学,计算机类,网络空间安全
A08工学,电子信息,生物医学工程硕士（专业硕士）,B08工学,计算机类,新媒体技术
A08工学,电子信息,人工智能硕士（专业硕士）,B08工学,计算机类,电影制作
A08工学,电子信息,大数据技术与工程（专业硕士）,B08工学,计算机类,保密技术
A08工学,电子信息,网络与信息安全硕士（专业硕士）,B08工学,计算机类,服务科学与工程
A08工学,材料与化工,材料工程硕士（专业硕士）,B08工学,计算机类,虚拟现实技术
A08工学,材料与化工,化学工程硕士（专业硕士）,B08工学,计算机类,区块链工程
A08工学,材料与化工,冶金工程硕士（专业硕士）,B08工学,计算机类,密码科学与技术
A08工学,材料与化工,纺织工程硕士（专业硕士）,B08工学,建筑类,建筑学
A08工学,材料与化工,林业工程硕士（专业硕士）,B08工学,建筑类,城乡规划
A08工学,材料与化工,轻化工程硕士（专业硕士）,B08工学,建筑类,风景园林
A08工学,资源与环境,环境工程硕士（专业硕士）,B08工学,建筑类,历史建筑保护工程
A08工学,资源与环境,安全工程硕士（专业硕士）,B08工学,建筑类,人居环境科学与技术
A08工学,资源与环境,地质工程硕士（专业硕士）,B08工学,建筑类,城市设计
A08工学,资源与环境,测绘工程硕士（专业硕士）,B08工学,建筑类,智慧建筑与建造
A08工学,资源与环境,矿业工程硕士（专业硕士）,B08工学,土木类,土木工程
A08工学,资源与环境,石油与天然气工程硕士（专业硕士）,B08工学,土木类,建筑环境与能源应用工程
A08工学,能源动力,电气工程硕士（专业硕士）,B08工学,土木类,建筑环境与能源应用工程
A08工学,能源动力,动力工程硕士（专业硕士）,B08工学,土木类,给排水科学与工程
A08工学,能源动力,核能工程硕士（专业硕士）,B08工学,土木类,建筑电气与智能化
A08工学,能源动力,航空发动机工程硕士（专业硕士）,B08工学,土木类,城市地下空间工程
A08工学,能源动力,燃气轮机工程硕士（专业硕士）,B08工学,土木类,道路桥梁与渡河工程
A08工学,能源动力,航天动力工程硕士（专业硕士）,B08工学,土木类,智能建造
A08工学,能源动力,清洁能源技术硕士（专业硕士）,B08工学,土木类,铁道工程
A08工学,能源动力,储能技术硕士（专业硕士）,B08工学,土木类,土木、水利与海洋工程
A08工学,土木水利,土木工程硕士（专业硕士）,B08工学,土木类,土木、水利与交通工程
A08工学,土木水利,水利工程硕士（专业硕士）,B08工学,土木类,城市水系统工程
A08工学,土木水利,海洋工程硕士（专业硕士）,B08工学,土木类,智能建造与智慧交通
A08工学,土木水利,农田水土工程硕士（专业硕士）,B08工学,水利类,水利水电工程
A08工学,土木水利,市政工程硕士（专业硕士）,B08工学,水利类,水文与水资源工程
A08工学,土木水利,人工环境工程硕士（专业硕士）,B08工学,水利类,港口航道与海岸工程
A08工学,生物与医药,生物技术与工程硕士（专业硕士）,B08工学,水利类,水务工程
A08工学,生物与医药,制药工程硕士（专业硕士）,B08工学,水利类,水利科学与工程
A08工学,生物与医药,食品工程硕士（专业硕士）,B08工学,水利类,智慧水利
A08工学,生物与医药,发酵工程硕士（专业硕士）,B08工学,测绘类,测绘工程
A08工学,机械,机械工程硕士（专业硕士）,B08工学,测绘类,遥感科学与技术
A08工学,机械,车辆工程硕士（专业硕士）,B08工学,测绘类,导航工程
A08工学,机械,航空工程硕士（专业硕士）,B08工学,测绘类,地理国情监测
A08工学,机械,航天工程硕士（专业硕士）,B08工学,测绘类,地理空间信息工程
A08工学,机械,船舶工程硕士（专业硕士）,B08工学,化工与制药类,化学工程与工艺
A08工学,机械,兵器工程硕士（专业硕士）,B08工学,化工与制药类,制药工程
A08工学,机械,工业设计工程硕士（专业硕士）,B08工学,化工与制药类,资源循环科学与工程
A08工学,机械,农机装备工程硕士（专业硕士）,B08工学,化工与制药类,能源化学工程
A08工学,机械,智能制造技术硕士（专业硕士）,B08工学,化工与制药类,化学工程与工业生物工程
A08工学,机械,机器人工程硕士（专业硕士）,B08工学,化工与制药类,化工安全工程
A08工学,交通运输,轨道交通运输硕士（专业硕士）,B08工学,化工与制药类,涂料工程
A08工学,交通运输,道路交通运输硕士（专业硕士）,B08工学,化工与制药类,精细化工
A08工学,交通运输,"水路交通运输硕士
（专业硕士）",B08工学,地质类,地质工程
A08工学,交通运输,"航空交通运输硕士
（专业硕士）",B08工学,地质类,勘查技术与工程
A08工学,交通运输,管道交通运输硕士（专业硕士）,B08工学,地质类,勘查技术与工程
A09农学,作物学,作物栽培学与耕作学,B08工学,地质类,资源勘查工程
A09农学,作物学,作物遗传育种,B08工学,地质类,地下水科学与工程
A09农学,园艺学,果树学,B08工学,地质类,旅游地学与规划工程
A09农学,园艺学,蔬菜学,B08工学,地质类,智能地球探测
A09农学,园艺学,茶学,B08工学,地质类,资源环境大数据工程
A09农学,农业资源与环境,土壤学,B08工学,矿业类,采矿工程
A09农学,农业资源与环境,植物营养学,B08工学,矿业类,石油工程
A09农学,植物保护,植物病理学,B08工学,矿业类,矿物加工工程
A09农学,植物保护,农业昆虫与害虫防治,B08工学,矿业类,油气储运工程
A09农学,植物保护,农药学,B08工学,矿业类,矿物资源工程
A09农学,农艺与种业,农艺与种业硕士（专业硕士）,B08工学,矿业类,海洋油气工程
A09农学,资源利用与植物保护,资源利用与植物保护硕士（专业硕士）,B08工学,矿业类,智能采矿工程
A09农学,农业工程与信息技术,农业工程与信息技术硕士（专业硕士）,B08工学,矿业类,碳储科学与工程
A09农学,农业管理,"农业管理硕士
（专业硕士）",B08工学,纺织类,纺织工程
A09农学,农村发展,"农村发展硕士
（专业硕士）",B08工学,纺织类,服装设计与工程
A09农学,畜牧学,动物遗传育种与繁殖,B08工学,纺织类,非织造材料与工程
A09农学,畜牧学,动物营养与饲料科学,B08工学,纺织类,服装设计与工艺教育
A09农学,畜牧学,草业科学,B08工学,纺织类,丝绸设计与工程
A09农学,畜牧学,特种经济动物饲养（含：蚕、蜂等）,B08工学,轻工类,轻化工程
A09农学,畜牧学,"畜牧硕士
（专业硕士）",B08工学,轻工类,包装工程
A09农学,兽医学,基础兽医学,B08工学,轻工类,印刷工程
A09农学,兽医学,预防兽医学,B08工学,轻工类,印刷工程
A09农学,兽医学,临床兽医学,B08工学,轻工类,香料香精技术与工程
A09农学,兽医学,"兽医硕士
（专业硕士）",B08工学,轻工类,化妆品技术与工程
A09农学,林学,林木遗传育种,B08工学,轻工类,生物质能源与材料
A09农学,林学,森林培育,B08工学,交通运输类,交通运输
A09农学,林学,森林保护学,B08工学,交通运输类,交通工程
A09农学,林学,森林经理学,B08工学,交通运输类,交通工程
A09农学,林学,野生动植物保护与利用,B08工学,交通运输类,航海技术
A09农学,林学,园林植物与观赏园艺,B08工学,交通运输类,轮机工程
A09农学,林学,水土保持与荒漠化防治,B08工学,交通运输类,飞行技术
A09农学,林学,林业硕士（专业硕士）,B08工学,交通运输类,交通设备与控制工程
A09农学,水产,水产养殖,B08工学,交通运输类,救助与打捞工程
A09农学,水产,捕捞学,B08工学,交通运输类,船舶电子电气工程
A09农学,水产,渔业资源,B08工学,交通运输类,轨道交通电气与控制
A09农学,水产,"渔业发展硕士
（专业硕士）",B08工学,交通运输类,邮轮工程与管理
A09农学,草学,草学,B08工学,交通运输类,智慧交通
A10医学,基础医学,人体解剖和组织胚胎学,B08工学,交通运输类,智能运输工程
A10医学,基础医学,免疫学,B08工学,海洋工程类,船舶与海洋工程
A10医学,基础医学,病原生物学,B08工学,海洋工程类,海洋工程与技术
A10医学,基础医学,病理学与病理生理学,B08工学,海洋工程类,海洋资源开发技术
A10医学,基础医学,法医学,B08工学,海洋工程类,海洋机器人
A10医学,基础医学,放射医学,B08工学,海洋工程类,智慧海洋技术
A10医学,基础医学,航空、航天与航海医学,B08工学,航空航天类,航空航天工程
A10医学,临床医学,内科学,B08工学,航空航天类,飞行器设计与工程
A10医学,临床医学,儿科学,B08工学,航空航天类,飞行器制造工程
A10医学,临床医学,老年医学,B08工学,航空航天类,飞行器动力工程
A10医学,临床医学,神经病学,B08工学,航空航天类,飞行器环境与生命保障工程
A10医学,临床医学,精神病与精神卫生学,B08工学,航空航天类,飞行器质量与可靠性
A10医学,临床医学,皮肤病与性病学,B08工学,航空航天类,飞行器适航技术
A10医学,临床医学,影像医学与核医学,B08工学,航空航天类,飞行器控制与信息工程
A10医学,临床医学,临床检验诊断学,B08工学,航空航天类,无人驾驶航空器系统工程
A10医学,临床医学,护理学,B08工学,航空航天类,智能飞行器技术
A10医学,临床医学,外科学,B08工学,航空航天类,空天智能电推进技术
A10医学,临床医学,妇产科学,B08工学,兵器类,武器系统与工程
A10医学,临床医学,眼科学,B08工学,兵器类,武器发射工程
A10医学,临床医学,耳鼻咽喉科学,B08工学,兵器类,武器发射工程
A10医学,临床医学,肿瘤学,B08工学,兵器类,探测制导与控制技术
A10医学,临床医学,康复医学与理疗学,B08工学,兵器类,弹药工程与爆炸技术
A10医学,临床医学,运动医学,B08工学,兵器类,特种能源技术与工程
A10医学,临床医学,麻醉学,B08工学,兵器类,装甲车辆工程
A10医学,临床医学,急诊医学,B08工学,兵器类,信息对抗技术
A10医学,临床医学,"内科学硕士
（专业硕士）",B08工学,兵器类,智能无人系统技术
A10医学,临床医学,"儿科学硕士
（专业硕士）",B08工学,核工程类,核工程与核技术
A10医学,临床医学,"老年医学硕士
（专业硕士）",B08工学,核工程类,辐射防护与核安全
A10医学,临床医学,"神经病学硕士
（专业硕士）",B08工学,核工程类,工程物理
A10医学,临床医学,精神病与精神卫生学硕士（专业硕士）,B08工学,核工程类,核化工与核燃料工程
A10医学,临床医学,皮肤病与性病学硕士（专业硕士）,B08工学,农业工程类,农业工程
A10医学,临床医学,影像医学与核医学硕士（专业硕士）,B08工学,农业工程类,农业机械化及其自动化
A10医学,临床医学,临床检验诊断学硕士（专业硕士）,B08工学,农业工程类,农业电气化
A10医学,临床医学,"外科学硕士
（专业硕士）",B08工学,农业工程类,农业建筑环境与能源工程
A10医学,临床医学,"护理硕士
（专业硕士）",B08工学,农业工程类,农业水利工程
A10医学,临床医学,"妇产科学硕士
（专业硕士）",B08工学,农业工程类,土地整治工程
A10医学,临床医学,"眼科学硕士
（专业硕士）",B08工学,农业工程类,农业智能装备工程
A10医学,临床医学,耳鼻咽喉科学硕士（专业硕士）,B08工学,林业工程类,森林工程
A10医学,临床医学,"肿瘤学硕士
（专业硕士）",B08工学,林业工程类,木材科学与工程
A10医学,临床医学,康复医学与理疗学硕士（专业硕士）,B08工学,林业工程类,林产化工
A10医学,临床医学,"运动医学硕士
（专业硕士）",B08工学,林业工程类,家具设计与工程
A10医学,临床医学,"麻醉学硕士
（专业硕士）",B08工学,林业工程类,木结构建筑与材料
A10医学,临床医学,"急诊医学硕士
（专业硕士）",B08工学,环境科学与工程类,环境科学与工程
A10医学,临床医学,"全科医学
（专业硕士）",B08工学,环境科学与工程类,环境工程
A10医学,临床医学,"儿外科学
（专业硕士）",B08工学,环境科学与工程类,环境科学
A10医学,临床医学,"骨科学
（专业硕士）",B08工学,环境科学与工程类,环境生态工程
A10医学,临床医学,"临床病理
（专业硕士）",B08工学,环境科学与工程类,环保设备工程
A10医学,临床医学,"放射肿瘤学
（专业硕士）",B08工学,环境科学与工程类,资源环境科学
A10医学,临床医学,"放射影像学
（专业硕士）",B08工学,环境科学与工程类,水质科学与技术
A10医学,临床医学,"超声医学
（专业硕士）",B08工学,生物医学工程类,生物医学工程
A10医学,临床医学,"医学遗传学
（专业硕士）",B08工学,生物医学工程类,假肢矫形工程
A10医学,口腔医学,口腔基础医学,B08工学,生物医学工程类,临床工程技术
A10医学,口腔医学,口腔临床医学,B08工学,生物医学工程类,康复工程
A10医学,口腔医学,"口腔医学硕士
（专业硕士）",B08工学,食品科学与工程类,食品科学与工程
A10医学,公共卫生与预防医学,"流行病与卫生
统计学",B08工学,食品科学与工程类,食品质量与安全
A10医学,公共卫生与预防医学,"劳动卫生与环境
卫生学",B08工学,食品科学与工程类,粮食工程
A10医学,公共卫生与预防医学,营养与食品卫生学,B08工学,食品科学与工程类,乳品工程
A10医学,公共卫生与预防医学,"儿少卫生与妇幼
保健学",B08工学,食品科学与工程类,酿酒工程
A10医学,公共卫生与预防医学,卫生毒理学,B08工学,食品科学与工程类,葡萄与葡萄酒工程
A10医学,公共卫生与预防医学,军事预防医学,B08工学,食品科学与工程类,食品营养与检验教育
A10医学,公共卫生与预防医学,"公共卫生硕士
（专业硕士）",B08工学,食品科学与工程类,烹饪与营养教育
A10医学,中医学,中医基础理论,B08工学,食品科学与工程类,食品安全与检测
A10医学,中医学,中医临床基础,B08工学,食品科学与工程类,食品营养与健康
A10医学,中医学,中医医史文献,B08工学,食品科学与工程类,食用菌科学与工程
A10医学,中医学,方剂学,B08工学,食品科学与工程类,白酒酿造工程
A10医学,中医学,中医诊断学,B08工学,生物工程类,生物工程
A10医学,中医学,中医内科学,B08工学,生物工程类,生物制药
A10医学,中医学,中医外科学,B08工学,生物工程类,合成生物学
A10医学,中医学,中医骨伤科学,B08工学,安全科学与工程类,安全工程
A10医学,中医学,中医妇科学,B08工学,安全科学与工程类,应急技术与管理
A10医学,中医学,中医儿科学,B08工学,安全科学与工程类,职业卫生工程
A10医学,中医学,中医五官科学,B08工学,公安技术类,刑事科学技术
A10医学,中医学,针灸推拿学,B08工学,公安技术类,消防工程
A10医学,中医学,民族医学（含：藏医学、蒙医学等）,B08工学,公安技术类,交通管理工程
A10医学,中医学,中医内科学硕士（专业硕士）,B08工学,公安技术类,安全防范工程
A10医学,中医学,中医外科学硕士（专业硕士）,B08工学,公安技术类,公安视听技术
A10医学,中医学,中医骨伤科学硕士（专业硕士）,B08工学,公安技术类,抢险救援指挥与技术
A10医学,中医学,中医妇科学硕士（专业硕士）,B08工学,公安技术类,火灾勘查
A10医学,中医学,中医儿科学硕士（专业硕士）,B08工学,公安技术类,网络安全与执法
A10医学,中医学,中医五官科学硕士（专业硕士）,B08工学,公安技术类,核生化消防
A10医学,中医学,针灸推拿学硕士（专业硕士）,B08工学,公安技术类,数据警务技术
A10医学,中医学,民族医学硕士（含：藏医学、蒙医学等）（专业硕士）,B08工学,公安技术类,食品药品环境犯罪侦查技术
A10医学,中医学,全科医学（中医）,B09农学,植物生产类,农学
A10医学,中西医结合,中西医结合基础,B09农学,植物生产类,园艺
A10医学,中西医结合,中西医结合临床,B09农学,植物生产类,植物保护
A10医学,中西医结合,中西医结合临床硕士（专业硕士）,B09农学,植物生产类,植物科学与技术
A10医学,药学,药物化学,B09农学,植物生产类,种子科学与工程
A10医学,药学,药剂学,B09农学,植物生产类,设施农业科学与工程
A10医学,药学,生药学,B09农学,植物生产类,茶学
A10医学,药学,药物分析学,B09农学,植物生产类,烟草
A10医学,药学,微生物与生化药学,B09农学,植物生产类,应用生物科学
A10医学,药学,药理学,B09农学,植物生产类,农艺教育
A10医学,药学,"药学硕士
（专业硕士）",B09农学,植物生产类,园艺教育
A10医学,中药学,中药学,B09农学,植物生产类,智慧农业
A10医学,中药学,"中药学硕士
（专业硕士）",B09农学,植物生产类,菌物科学与工程
A10医学,特种医学,特种医学,B09农学,植物生产类,农药化肥
A10医学,医学技术,医学技术,B09农学,植物生产类,生物农药科学与工程
A11军事学,军事思想及军事历史,军事思想,B09农学,植物生产类,生物育种科学
A11军事学,军事思想及军事历史,军事历史,B09农学,自然保护与环境生态类,农业资源与环境
A11军事学,战略学,国家安全战略学,B09农学,自然保护与环境生态类,野生动物与自然保护区管理
A11军事学,战略学,军事战略学,B09农学,自然保护与环境生态类,水土保持与荒漠化防治
A11军事学,战略学,军种战略学,B09农学,自然保护与环境生态类,生物质科学与工程
A11军事学,战略学,国防动员学,B09农学,自然保护与环境生态类,土地科学与技术
A11军事学,战略学,战争动员学,B09农学,自然保护与环境生态类,湿地保护与恢复
A11军事学,战役学,联合战役学,B09农学,动物生产类,动物科学
A11军事学,战役学,军种战役学（含：第二炮兵战役学）,B09农学,动物生产类,蚕学
A11军事学,战术学,合同战术学,B09农学,动物生产类,蜂学
A11军事学,战术学,兵种战术学,B09农学,动物生产类,经济动物学
A11军事学,战术学,联合战术学,B09农学,动物生产类,马业科学
A11军事学,军队指挥学,作战指挥学,B09农学,动物生产类,饲料工程
A11军事学,军队指挥学,军事运筹学,B09农学,动物生产类,智慧牧业科学与工程
A11军事学,军队指挥学,军事通信学,B09农学,动物医学类,动物医学
A11军事学,军队指挥学,军事情报学,B09农学,动物医学类,动物药学
A11军事学,军队指挥学,密码学,B09农学,动物医学类,动植物检疫
A11军事学,军队指挥学,军事教育训练学（含：军事体育学）,B09农学,动物医学类,实验动物学
A11军事学,军队指挥学,作战环境学,B09农学,动物医学类,中兽医学
A11军事学,军队指挥学,军事信息学,B09农学,动物医学类,兽医公共卫生
A11军事学,军队指挥学,非战争军事行动,B09农学,林学类,林学
A11军事学,军事管理学,军事组织编制学,B09农学,林学类,园林
A11军事学,军事管理学,军队管理学,B09农学,林学类,森林保护
A11军事学,军事管理学,军事法制学,B09农学,林学类,经济林
A11军事学,军队政治工作学,军队政治工作学,B09农学,林学类,智慧林业
A11军事学,军事后勤学与军事装备学,军事后勤学,B09农学,水产类,水产养殖学
A11军事学,军事后勤学与军事装备学,军事装备学,B09农学,水产类,海洋渔业科学与技术
A11军事学,军事训练学,联合训练学,B09农学,水产类,水族科学与技术
A11军事学,军事训练学,军兵种训练学,B09农学,水产类,水生动物医学
A11军事学,军事训练学,军事教育学,B09农学,草学类,草业科学
A11军事学,军事硕士,"军事硕士
（专业硕士）",B09农学,草学类,草坪科学与工程
A12管理学,管理科学与工程,管理科学与工程,B10医学,基础医学类,基础医学
A12管理学,管理科学与工程,"工程管理硕士
（专业硕士）",B10医学,基础医学类,生物医学
A12管理学,管理科学与工程,"工业工程与管理硕士
（专业硕士）",B10医学,基础医学类,生物医学科学
A12管理学,管理科学与工程,"项目管理硕士
（专业硕士）",B10医学,法医学类,法医学
A12管理学,管理科学与工程,"物流工程与管理硕士
（专业硕士）",B10医学,临床医学类,临床医学
A12管理学,工商管理,会计学,B10医学,临床医学类,麻醉学
A12管理学,工商管理,企业管理（含：财务管理、市场营销、人力资源管理）,B10医学,临床医学类,医学影像学
A12管理学,工商管理,旅游管理,B10医学,临床医学类,眼视光医学
A12管理学,工商管理,技术经济及管理,B10医学,临床医学类,精神医学
A12管理学,工商管理,"工商管理硕士
（专业硕士）",B10医学,临床医学类,放射医学
A12管理学,工商管理,"会计硕士
（专业硕士）",B10医学,临床医学类,儿科学
A12管理学,工商管理,"旅游管理硕士
（专业硕士）",B10医学,医学技术类,医学检验技术
A12管理学,农林经济管理,农业经济管理,B10医学,医学技术类,医学实验技术
A12管理学,农林经济管理,林业经济管理,B10医学,医学技术类,医学影像技术
A12管理学,公共管理,行政管理,B10医学,医学技术类,眼视光学
A12管理学,公共管理,社会医学与卫生事业管理,B10医学,医学技术类,康复治疗学
A12管理学,公共管理,教育经济与管理,B10医学,医学技术类,口腔医学技术
A12管理学,公共管理,社会保障,B10医学,医学技术类,卫生检验与检疫
A12管理学,公共管理,土地资源管理,B10医学,医学技术类,听力与言语康复学
A12管理学,公共管理,公共管理硕士（专业硕士）,B10医学,医学技术类,康复物理治疗
A12管理学,图书情报与档案管理,图书馆学,B10医学,医学技术类,智能医学工程
A12管理学,图书情报与档案管理,情报学,B10医学,医学技术类,康复作业治疗
A12管理学,图书情报与档案管理,档案学,B10医学,医学技术类,生物医药数据科学
A12管理学,图书情报与档案管理,"图书情报硕士
（专业硕士）",B10医学,医学技术类,智能影像工程
A13艺术学,艺术学理论,艺术学理论,B10医学,护理学类,护理学
A13艺术学,音乐与舞蹈学,音乐与舞蹈学,B10医学,护理学类,助产学
A13艺术学,音乐与舞蹈学,"音乐硕士
（专业硕士）",B10医学,口腔医学类,口腔医学
A13艺术学,音乐与舞蹈学,"舞蹈硕士
（专业硕士）",B10医学,公共卫生与预防医学类,预防医学
A13艺术学,戏剧与影视学,戏剧与影视学,B10医学,公共卫生与预防医学类,食品卫生与营养学
A13艺术学,戏剧与影视学,"戏剧硕士
（专业硕士）",B10医学,公共卫生与预防医学类,妇幼保健医学
A13艺术学,戏剧与影视学,"戏曲硕士
（专业硕士）",B10医学,公共卫生与预防医学类,卫生监督
A13艺术学,戏剧与影视学,"电影硕士
（专业硕士）",B10医学,公共卫生与预防医学类,全球健康学
A13艺术学,戏剧与影视学,广播电视艺术学,B10医学,公共卫生与预防医学类,运动与公共健康
A13艺术学,戏剧与影视学,"广播电视硕士
（专业硕士）",B10医学,中医学类,中医学
A13艺术学,美术学,美术学,B10医学,中医学类,中医学
A13艺术学,美术学,"美术硕士
（专业硕士）",B10医学,中医学类,针灸推拿学
A13艺术学,设计学,设计学,B10医学,中医学类,藏医学
A13艺术学,设计学,"艺术设计硕士
（专业硕士）",B10医学,中医学类,蒙医学
,,,B10医学,中医学类,维医学
,,,B10医学,中医学类,壮医学
,,,B10医学,中医学类,哈医学
,,,B10医学,中医学类,傣医学
,,,B10医学,中医学类,中医康复学
,,,B10医学,中医学类,中医养生学
,,,B10医学,中医学类,中医儿科学
,,,B10医学,中医学类,回医学
,,,B10医学,中医学类,中医骨伤科学
,,,B10医学,中西医结合类,中西医临床医学
,,,B10医学,药学类,药学
,,,B10医学,药学类,药物制剂
,,,B10医学,药学类,临床药学
,,,B10医学,药学类,药事管理
,,,B10医学,药学类,药物分析
,,,B10医学,药学类,药物化学
,,,B10医学,药学类,海洋药学
,,,B10医学,药学类,化妆品科学与技术
,,,B10医学,中药学类,中药学
,,,B10医学,中药学类,中药资源与开发
,,,B10医学,中药学类,藏药学
,,,B10医学,中药学类,蒙药学
,,,B10医学,中药学类,中药制药
,,,B10医学,中药学类,中草药栽培与鉴定
,,,B12管理学,管理科学与工程类,管理科学
,,,B12管理学,管理科学与工程类,信息管理与信息系统
,,,B12管理学,管理科学与工程类,工程管理
,,,B12管理学,管理科学与工程类,工程管理
,,,B12管理学,管理科学与工程类,房地产开发与管理
,,,B12管理学,管理科学与工程类,工程造价
,,,B12管理学,管理科学与工程类,保密管理
,,,B12管理学,管理科学与工程类,大数据管理与应用
,,,B12管理学,管理科学与工程类,邮政管理
,,,B12管理学,管理科学与工程类,工程审计
,,,B12管理学,管理科学与工程类,计算金融
,,,B12管理学,管理科学与工程类,应急管理
,,,B12管理学,工商管理类,工商管理
,,,B12管理学,工商管理类,工商管理
,,,B12管理学,工商管理类,市场营销
,,,B12管理学,工商管理类,会计学
,,,B12管理学,工商管理类,财务管理
,,,B12管理学,工商管理类,国际商务
,,,B12管理学,工商管理类,人力资源管理
,,,B12管理学,工商管理类,审计学
,,,B12管理学,工商管理类,资产评估
,,,B12管理学,工商管理类,物业管理
,,,B12管理学,工商管理类,文化产业管理
,,,B12管理学,工商管理类,劳动关系
,,,B12管理学,工商管理类,体育经济与管理
,,,B12管理学,工商管理类,财务会计教育
,,,B12管理学,工商管理类,市场营销教育
,,,B12管理学,工商管理类,零售业管理
,,,B12管理学,工商管理类,创业管理
,,,B12管理学,工商管理类,海关稽查
,,,B12管理学,农业经济管理类,农林经济管理
,,,B12管理学,农业经济管理类,农村区域发展
,,,B12管理学,公共管理类,公共事业管理
,,,B12管理学,公共管理类,行政管理
,,,B12管理学,公共管理类,行政管理
,,,B12管理学,公共管理类,劳动与社会保障
,,,B12管理学,公共管理类,土地资源管理
,,,B12管理学,公共管理类,城市管理
,,,B12管理学,公共管理类,海关管理
,,,B12管理学,公共管理类,交通管理
,,,B12管理学,公共管理类,海事管理
,,,B12管理学,公共管理类,公共关系学
,,,B12管理学,公共管理类,健康服务与管理
,,,B12管理学,公共管理类,海警后勤管理
,,,B12管理学,公共管理类,医疗产品管理
,,,B12管理学,公共管理类,医疗保险
,,,B12管理学,公共管理类,养老服务管理
,,,B12管理学,公共管理类,海关检验检疫安全
,,,B12管理学,公共管理类,海外安全管理
,,,B12管理学,公共管理类,自然资源登记与管理
,,,B12管理学,公共管理类,慈善管理
,,,B12管理学,图书情报与档案管理类,图书馆学
,,,B12管理学,图书情报与档案管理类,档案学
,,,B12管理学,图书情报与档案管理类,信息资源管理
,,,B12管理学,物流管理与工程类,物流管理
,,,B12管理学,物流管理与工程类,物流工程
,,,B12管理学,物流管理与工程类,采购管理
,,,B12管理学,物流管理与工程类,供应链管理
,,,B12管理学,工业工程类,工业工程
,,,B12管理学,工业工程类,标准化工程
,,,B12管理学,工业工程类,质量管理工程
,,,B12管理学,电子商务类,电子商务
,,,B12管理学,电子商务类,电子商务及法律
,,,B12管理学,电子商务类,跨境电子商务
,,,B12管理学,旅游管理类,旅游管理
,,,B12管理学,旅游管理类,酒店管理
,,,B12管理学,旅游管理类,会展经济与管理
,,,B12管理学,旅游管理类,旅游管理与服务教育
,,,B13艺术学,艺术学理论类,艺术史论
,,,B13艺术学,艺术学理论类,艺术管理
,,,B13艺术学,艺术学理论类,非物质文化遗产保护
,,,B13艺术学,音乐与舞蹈学类,音乐表演
,,,B13艺术学,音乐与舞蹈学类,音乐学
,,,B13艺术学,音乐与舞蹈学类,作曲与作曲技术理论
,,,B13艺术学,音乐与舞蹈学类,舞蹈表演
,,,B13艺术学,音乐与舞蹈学类,舞蹈学
,,,B13艺术学,音乐与舞蹈学类,舞蹈编导
,,,B13艺术学,音乐与舞蹈学类,舞蹈教育
,,,B13艺术学,音乐与舞蹈学类,航空服务艺术与管理
,,,B13艺术学,音乐与舞蹈学类,流行音乐
,,,B13艺术学,音乐与舞蹈学类,音乐治疗
,,,B13艺术学,音乐与舞蹈学类,流行舞蹈
,,,B13艺术学,音乐与舞蹈学类,音乐教育
,,,B13艺术学,戏剧与影视学类,表演
,,,B13艺术学,戏剧与影视学类,戏剧学
,,,B13艺术学,戏剧与影视学类,电影学
,,,B13艺术学,戏剧与影视学类,戏剧影视文学
,,,B13艺术学,戏剧与影视学类,广播电视编导
,,,B13艺术学,戏剧与影视学类,戏剧影视导演
,,,B13艺术学,戏剧与影视学类,戏剧影视美术设计
,,,B13艺术学,戏剧与影视学类,录音艺术
,,,B13艺术学,戏剧与影视学类,播音与主持艺术
,,,B13艺术学,戏剧与影视学类,动画
,,,B13艺术学,戏剧与影视学类,影视摄影与制作
,,,B13艺术学,戏剧与影视学类,影视技术
,,,B13艺术学,戏剧与影视学类,戏剧教育
,,,B13艺术学,戏剧与影视学类,曲艺
,,,B13艺术学,戏剧与影视学类,音乐剧
,,,B13艺术学,美术学类,美术学
,,,B13艺术学,美术学类,绘画
,,,B13艺术学,美术学类,雕塑
,,,B13艺术学,美术学类,摄影
,,,B13艺术学,美术学类,书法学
,,,B13艺术学,美术学类,中国画
,,,B13艺术学,美术学类,实验艺术
,,,B13艺术学,美术学类,文物保护与修复
,,,B13艺术学,美术学类,漫画
,,,B13艺术学,美术学类,跨媒体艺术
,,,B13艺术学,美术学类,纤维艺术
,,,B13艺术学,美术学类,科技艺术
,,,B13艺术学,美术学类,美术教育
,,,B13艺术学,设计学类,艺术设计学
,,,B13艺术学,设计学类,视觉传达设计
,,,B13艺术学,设计学类,环境设计
,,,B13艺术学,设计学类,产品设计
,,,B13艺术学,设计学类,服装与服饰设计
,,,B13艺术学,设计学类,公共艺术
,,,B13艺术学,设计学类,工艺美术
,,,B13艺术学,设计学类,数字媒体艺术
,,,B13艺术学,设计学类,艺术与科技
,,,B13艺术学,设计学类,新媒体艺术
,,,B13艺术学,设计学类,陶瓷艺术设计
,,,B13艺术学,设计学类,包装设计
,,,B13艺术学,设计学类,珠宝首饰设计与工艺
